"","wave","value"
"1",339.483,-24.62
"2",339.86,-21.12
"3",340.237,-17.68
"4",340.615,-14.51
"5",340.992,-12.27
"6",341.37,-9.76
"7",341.747,-5.55
"8",342.124,-1.15
"9",342.501,2.6
"10",342.878,5.15
"11",343.256,6.94
"12",343.633,7.47
"13",344.01,7.34
"14",344.387,6.26
"15",344.764,4.71
"16",345.141,2.93
"17",345.518,0.22
"18",345.895,-2.12
"19",346.272,-5.32
"20",346.649,-8.05
"21",347.025,-9.14
"22",347.402,-11.73
"23",347.779,-14.27
"24",348.156,-17.08
"25",348.532,-19.33
"26",348.909,-21.45
"27",349.286,-23.28
"28",349.662,-24.95
"29",350.039,-26.94
"30",350.415,-26.92
"31",350.792,-27.73
"32",351.168,-30.28
"33",351.545,-30.87
"34",351.921,-31.47
"35",352.297,-31.73
"36",352.674,-32.05
"37",353.05,-32.68
"38",353.426,-33.02
"39",353.803,-33.36
"40",354.179,-33.39
"41",354.555,-34.45
"42",354.931,-34.82
"43",355.307,-34.48
"44",355.683,-34.25
"45",356.059,-33.9
"46",356.435,-33.7
"47",356.811,-33.82
"48",357.187,-33.05
"49",357.563,-32.96
"50",357.939,-32.69
"51",358.315,-32.27
"52",358.691,-32.28
"53",359.066,-31.4
"54",359.442,-31.58
"55",359.818,-31.59
"56",360.194,-31.64
"57",360.569,-31.45
"58",360.945,-31.17
"59",361.32,-31.92
"60",361.696,-31.59
"61",362.071,-31.22
"62",362.447,-31.26
"63",362.822,-31.52
"64",363.198,-32.31
"65",363.573,-32.16
"66",363.948,-32.31
"67",364.324,-32.43
"68",364.699,-32.6
"69",365.074,-31.52
"70",365.449,-31.09
"71",365.825,-30.85
"72",366.2,-30.94
"73",366.575,-31.06
"74",366.95,-31.1
"75",367.325,-30.94
"76",367.7,-30.88
"77",368.075,-31.08
"78",368.45,-31.07
"79",368.825,-31.28
"80",369.2,-32.15
"81",369.575,-32.23
"82",369.949,-32.39
"83",370.324,-32.16
"84",370.699,-32.32
"85",371.074,-32.14
"86",371.448,-32.3
"87",371.823,-31.99
"88",372.197,-31.84
"89",372.572,-31.9
"90",372.947,-31.53
"91",373.321,-31.76
"92",373.695,-31.97
"93",374.07,-32.4
"94",374.444,-31.01
"95",374.819,-30.83
"96",375.193,-30.61
"97",375.567,-30.43
"98",375.942,-30.96
"99",376.316,-31.08
"100",376.69,-31.33
"101",377.064,-30.64
"102",377.438,-30.65
"103",377.812,-30.21
"104",378.186,-30.02
"105",378.56,-31.96
"106",378.934,-31.76
"107",379.308,-31.81
"108",379.682,-31.11
"109",380.056,-31.03
"110",380.43,-30.83
"111",380.804,-30.48
"112",381.178,-31.49
"113",381.551,-31.59
"114",381.925,-31.53
"115",382.299,-31.49
"116",382.672,-31.09
"117",383.046,-31.43
"118",383.42,-31.42
"119",383.793,-31.8
"120",384.167,-31.58
"121",384.54,-31.78
"122",384.914,-31.97
"123",385.287,-31.77
"124",385.66,-31.66
"125",386.034,-31.74
"126",386.407,-31.77
"127",386.78,-32.13
"128",387.154,-31.97
"129",387.527,-32.1
"130",387.9,-28.53
"131",388.273,-28.25
"132",388.646,-28.05
"133",389.019,-28.22
"134",389.392,-28.26
"135",389.765,-28.14
"136",390.138,-28.28
"137",390.511,-28.11
"138",390.884,-27.94
"139",391.257,-28.05
"140",391.63,-28.14
"141",392.003,-32.12
"142",392.375,-32.5
"143",392.748,-32.41
"144",393.121,-32.28
"145",393.493,-32.19
"146",393.866,-32.13
"147",394.239,-32.08
"148",394.611,-32.25
"149",394.984,-32.23
"150",395.356,-32.02
"151",395.729,-31.8
"152",396.101,-31.8
"153",396.473,-31.59
"154",396.846,-31.46
"155",397.218,-31.04
"156",397.59,-30.76
"157",397.963,-30.56
"158",398.335,-30.36
"159",398.707,-30.32
"160",399.079,-30.12
"161",399.451,-30.33
"162",399.823,-30.47
"163",400.195,-30.11
"164",400.567,-30.27
"165",400.939,-30.64
"166",401.311,-30.78
"167",401.683,-31.11
"168",402.055,-31.1
"169",402.427,-30.25
"170",402.799,-30.39
"171",403.17,-30.52
"172",403.542,-30.5
"173",403.914,-30.48
"174",404.285,-30.43
"175",404.657,-29.06
"176",405.029,-28.4
"177",405.4,-28.31
"178",405.772,-28.05
"179",406.143,-27.27
"180",406.514,-28.39
"181",406.886,-28.15
"182",407.257,-25.31
"183",407.629,-24.98
"184",408,-25.07
"185",408.371,-25.26
"186",408.742,-26.64
"187",409.114,-27.3
"188",409.485,-27.65
"189",409.856,-28.04
"190",410.227,-28.96
"191",410.598,-28.92
"192",410.969,-29.05
"193",411.34,-32.29
"194",411.711,-32.83
"195",412.082,-32.31
"196",412.453,-32.51
"197",412.824,-32.35
"198",413.194,-32.13
"199",413.565,-31.79
"200",413.936,-31.51
"201",414.307,-31.79
"202",414.677,-31.95
"203",415.048,-31.76
"204",415.418,-31.64
"205",415.789,-31.26
"206",416.159,-31.64
"207",416.53,-31.35
"208",416.9,-31.79
"209",417.271,-31.88
"210",417.641,-31.94
"211",418.012,-32.11
"212",418.382,-31.85
"213",418.752,-31.63
"214",419.122,-31.68
"215",419.493,-31.72
"216",419.863,-31.86
"217",420.233,-31.78
"218",420.603,-31.95
"219",420.973,-31.59
"220",421.343,-31.76
"221",421.713,-31.76
"222",422.083,-31.81
"223",422.453,-31.44
"224",422.823,-31.59
"225",423.193,-31.75
"226",423.562,-31.66
"227",423.932,-31.53
"228",424.302,-31.65
"229",424.672,-31.87
"230",425.041,-31.88
"231",425.411,-31.75
"232",425.78,-31.79
"233",426.15,-31.72
"234",426.52,-32.42
"235",426.889,-32.57
"236",427.258,-32.51
"237",427.628,-32.42
"238",427.997,-32.31
"239",428.367,-31.75
"240",428.736,-31.61
"241",429.105,-30.99
"242",429.474,-30.92
"243",429.844,-30.72
"244",430.213,-30.86
"245",430.582,-31.02
"246",430.951,-30.89
"247",431.32,-30.84
"248",431.689,-30.95
"249",432.058,-31.2
"250",432.427,-31.32
"251",432.796,-30.17
"252",433.165,-30.75
"253",433.534,-30.95
"254",433.902,-31.04
"255",434.271,-30.71
"256",434.64,-30.41
"257",435.009,-30.08
"258",435.377,-29.93
"259",435.746,-29.83
"260",436.114,-29.68
"261",436.483,-30.36
"262",436.852,-31.59
"263",437.22,-31.66
"264",437.588,-31.31
"265",437.957,-31.46
"266",438.325,-31.72
"267",438.694,-31.25
"268",439.062,-31.35
"269",439.43,-31.67
"270",439.798,-31.53
"271",440.166,-31.87
"272",440.535,-31.6
"273",440.903,-31.57
"274",441.271,-31.92
"275",441.639,-31.84
"276",442.007,-31.91
"277",442.375,-31.57
"278",442.743,-31.97
"279",443.111,-32.32
"280",443.479,-32.21
"281",443.846,-32.33
"282",444.214,-31.97
"283",444.582,-31.76
"284",444.95,-31.53
"285",445.317,-31.2
"286",445.685,-31.43
"287",446.052,-30.72
"288",446.42,-30.76
"289",446.788,-31.1
"290",447.155,-30.78
"291",447.523,-30.81
"292",447.89,-30.4
"293",448.257,-30.55
"294",448.625,-30.71
"295",448.992,-30.84
"296",449.359,-30.67
"297",449.726,-30.69
"298",450.094,-31.38
"299",450.461,-31.36
"300",450.828,-31.07
"301",451.195,-31.05
"302",451.562,-30.86
"303",451.929,-31.08
"304",452.296,-28.61
"305",452.663,-28.09
"306",453.03,-27.88
"307",453.397,-28.19
"308",453.764,-28.44
"309",454.13,-27.69
"310",454.497,-27.47
"311",454.864,-27.4
"312",455.231,-27.57
"313",455.597,-27.74
"314",455.964,-27.85
"315",456.33,-30.25
"316",456.697,-30.91
"317",457.063,-31.37
"318",457.43,-31.31
"319",457.796,-29.98
"320",458.163,-30.5
"321",458.529,-30.7
"322",458.895,-30.44
"323",459.262,-30.37
"324",459.628,-30.55
"325",459.994,-30.39
"326",460.36,-30.18
"327",460.726,-30.08
"328",461.092,-29.89
"329",461.458,-30.13
"330",461.824,-31.33
"331",462.19,-31.57
"332",462.556,-31.92
"333",462.922,-32.28
"334",463.288,-32.36
"335",463.654,-31.92
"336",464.02,-32.13
"337",464.385,-32.34
"338",464.751,-32.42
"339",465.117,-32.31
"340",465.482,-32.1
"341",465.848,-32.03
"342",466.214,-32.19
"343",466.579,-31.67
"344",466.945,-31.59
"345",467.31,-31.52
"346",467.675,-31.99
"347",468.041,-32.04
"348",468.406,-31.99
"349",468.772,-31.78
"350",469.137,-31.86
"351",469.502,-31.7
"352",469.867,-31.44
"353",470.232,-30.86
"354",470.597,-31.38
"355",470.963,-31.42
"356",471.328,-31.36
"357",471.693,-30.4
"358",472.058,-30.11
"359",472.422,-29.97
"360",472.787,-29.87
"361",473.152,-29.48
"362",473.517,-29.29
"363",473.882,-29.28
"364",474.246,-29.56
"365",474.611,-29.5
"366",474.976,-29.62
"367",475.34,-29.79
"368",475.705,-30.52
"369",476.07,-31.04
"370",476.434,-31.3
"371",476.799,-31.02
"372",477.163,-31.13
"373",477.527,-31.4
"374",477.892,-31.02
"375",478.256,-31.05
"376",478.62,-31.11
"377",478.985,-31.06
"378",479.349,-31.17
"379",479.713,-30.84
"380",480.077,-30.32
"381",480.441,-30.18
"382",480.805,-30.66
"383",481.169,-30.96
"384",481.533,-30.87
"385",481.897,-31.35
"386",482.261,-31.35
"387",482.625,-31.27
"388",482.989,-31.37
"389",483.353,-31.04
"390",483.716,-31.42
"391",484.08,-31.7
"392",484.444,-31.71
"393",484.807,-31.77
"394",485.171,-31.55
"395",485.534,-31.67
"396",485.898,-31.14
"397",486.261,-31.24
"398",486.625,-31.3
"399",486.988,-31.15
"400",487.352,-31.08
"401",487.715,-31.05
"402",488.078,-28.72
"403",488.442,-28.83
"404",488.805,-28.62
"405",489.168,-28.7
"406",489.531,-28.71
"407",489.894,-28.95
"408",490.257,-28.88
"409",490.62,-27.29
"410",490.983,-26.86
"411",491.346,-27.16
"412",491.709,-27.13
"413",492.072,-29.57
"414",492.435,-29.36
"415",492.798,-29.56
"416",493.16,-29.09
"417",493.523,-28.92
"418",493.886,-29.46
"419",494.248,-29.44
"420",494.611,-31.05
"421",494.973,-31.34
"422",495.336,-31.45
"423",495.698,-31.62
"424",496.061,-31.69
"425",496.423,-31.79
"426",496.786,-31.21
"427",497.148,-31.87
"428",497.51,-32.07
"429",497.873,-31.81
"430",498.235,-31.45
"431",498.597,-31.14
"432",498.959,-31.27
"433",499.321,-31.19
"434",499.683,-31.1
"435",500.045,-30
"436",500.407,-30.06
"437",500.769,-30.51
"438",501.131,-30.33
"439",501.493,-30.22
"440",501.855,-30.14
"441",502.217,-30.24
"442",502.578,-30.4
"443",502.94,-30.49
"444",503.302,-30.49
"445",503.663,-30.44
"446",504.025,-31.38
"447",504.386,-31.19
"448",504.748,-31.29
"449",505.109,-31.5
"450",505.471,-31.75
"451",505.832,-32
"452",506.194,-32.21
"453",506.555,-32.35
"454",506.916,-32.4
"455",507.277,-32.46
"456",507.639,-32.77
"457",508,-32.25
"458",508.361,-32.37
"459",508.722,-32.39
"460",509.083,-32.16
"461",509.444,-31.96
"462",509.805,-31.91
"463",510.166,-32.03
"464",510.527,-31.91
"465",510.888,-31.96
"466",511.248,-31.75
"467",511.609,-31.28
"468",511.97,-31.65
"469",512.331,-31.63
"470",512.691,-31.45
"471",513.052,-31.49
"472",513.412,-31.39
"473",513.773,-31.54
"474",514.133,-31.39
"475",514.494,-31.32
"476",514.854,-30.95
"477",515.215,-30.76
"478",515.575,-30.77
"479",515.935,-29.75
"480",516.296,-29.77
"481",516.656,-29.88
"482",517.016,-29.46
"483",517.376,-29.4
"484",517.736,-29.27
"485",518.096,-29.2
"486",518.456,-29.29
"487",518.816,-29.1
"488",519.176,-29.02
"489",519.536,-28.92
"490",519.896,-29.68
"491",520.256,-29.59
"492",520.616,-29.43
"493",520.975,-29.71
"494",521.335,-29.8
"495",521.695,-29.19
"496",522.054,-29.25
"497",522.414,-29.04
"498",522.773,-29.31
"499",523.133,-29.46
"500",523.492,-29.34
"501",523.852,-29.12
"502",524.211,-28.69
"503",524.571,-28.78
"504",524.93,-28.72
"505",525.289,-27.18
"506",525.648,-27.55
"507",526.007,-27.63
"508",526.367,-27.52
"509",526.726,-26.85
"510",527.085,-26.7
"511",527.444,-26.75
"512",527.803,-26.93
"513",528.162,-27.32
"514",528.521,-27.29
"515",528.88,-27.36
"516",529.238,-28.65
"517",529.597,-28.74
"518",529.956,-28.5
"519",530.315,-28.52
"520",530.673,-28.98
"521",531.032,-28.61
"522",531.39,-28.33
"523",531.749,-28.53
"524",532.107,-28.66
"525",532.466,-28.45
"526",532.824,-26.61
"527",533.183,-26.33
"528",533.541,-25.97
"529",533.899,-26.22
"530",534.258,-25.8
"531",534.616,-25.67
"532",534.974,-25.99
"533",535.332,-26.17
"534",535.69,-25.85
"535",536.048,-24.59
"536",536.406,-24.6
"537",536.764,-26.14
"538",537.122,-26.62
"539",537.48,-26.85
"540",537.838,-26.03
"541",538.196,-26.51
"542",538.554,-26.55
"543",538.911,-26.8
"544",539.269,-26.68
"545",539.627,-26.57
"546",539.984,-27.31
"547",540.342,-27.36
"548",540.7,-27.57
"549",541.057,-27.58
"550",541.414,-27.62
"551",541.772,-28.11
"552",542.129,-28.14
"553",542.487,-28.04
"554",542.844,-27.7
"555",543.201,-27.96
"556",543.558,-28.33
"557",543.916,-28.22
"558",544.273,-28.23
"559",544.63,-28.15
"560",544.987,-27.99
"561",545.344,-27.88
"562",545.701,-28.15
"563",546.058,-27.9
"564",546.415,-28.12
"565",546.771,-27.88
"566",547.128,-27.84
"567",547.485,-27.6
"568",547.842,-27.73
"569",548.198,-27.68
"570",548.555,-27.78
"571",548.912,-27.64
"572",549.268,-27.79
"573",549.625,-27.69
"574",549.981,-27.58
"575",550.338,-26.65
"576",550.694,-26.94
"577",551.05,-27.09
"578",551.407,-27.51
"579",551.763,-27.67
"580",552.119,-27.59
"581",552.475,-27.56
"582",552.832,-26.94
"583",553.188,-26.66
"584",553.544,-26.54
"585",553.9,-26.78
"586",554.256,-27.77
"587",554.612,-28.04
"588",554.968,-27.76
"589",555.324,-27.45
"590",555.679,-27.17
"591",556.035,-26.94
"592",556.391,-26.78
"593",556.747,-27.42
"594",557.102,-27.72
"595",557.458,-27.88
"596",557.813,-27.82
"597",558.169,-27.82
"598",558.524,-27.34
"599",558.88,-27.47
"600",559.235,-27.42
"601",559.591,-27.65
"602",559.946,-27.7
"603",560.301,-27.59
"604",560.657,-27.71
"605",561.012,-27.51
"606",561.367,-27.24
"607",561.722,-26.57
"608",562.077,-26.56
"609",562.432,-26.67
"610",562.787,-26.34
"611",563.142,-26.45
"612",563.497,-26.53
"613",563.852,-26.65
"614",564.207,-26.9
"615",564.562,-26.8
"616",564.916,-27.06
"617",565.271,-27.12
"618",565.626,-27.86
"619",565.98,-27.9
"620",566.335,-28.23
"621",566.689,-28.45
"622",567.044,-28.55
"623",567.398,-28.71
"624",567.753,-28.98
"625",568.107,-28.88
"626",568.462,-29
"627",568.816,-28.81
"628",569.17,-29.06
"629",569.524,-28.93
"630",569.878,-29.11
"631",570.233,-29.06
"632",570.587,-29.21
"633",570.941,-29.14
"634",571.295,-29.43
"635",571.649,-29.27
"636",572.003,-29.53
"637",572.357,-29.69
"638",572.71,-29.58
"639",573.064,-29.29
"640",573.418,-29.49
"641",573.772,-29.34
"642",574.125,-29.54
"643",574.479,-29.33
"644",574.832,-29.36
"645",575.186,-29.24
"646",575.54,-29.25
"647",575.893,-29.03
"648",576.246,-29.07
"649",576.6,-29.28
"650",576.953,-29.46
"651",577.306,-29.11
"652",577.66,-29
"653",578.013,-28.96
"654",578.366,-29.04
"655",578.719,-29.2
"656",579.072,-28.91
"657",579.425,-29.17
"658",579.778,-29.25
"659",580.131,-29.16
"660",580.484,-28.83
"661",580.837,-28.26
"662",581.19,-28.22
"663",581.543,-28.34
"664",581.895,-28.33
"665",582.248,-28.4
"666",582.601,-28.46
"667",582.953,-28.36
"668",583.306,-28.32
"669",583.658,-28.38
"670",584.011,-27.64
"671",584.363,-28.19
"672",584.716,-28.72
"673",585.068,-28.58
"674",585.42,-28.59
"675",585.773,-28.62
"676",586.125,-28.73
"677",586.477,-28.75
"678",586.829,-29.09
"679",587.181,-28.85
"680",587.534,-28.95
"681",587.886,-29.78
"682",588.238,-29.55
"683",588.589,-29.7
"684",588.941,-30.34
"685",589.293,-30.23
"686",589.645,-30.09
"687",589.997,-30.2
"688",590.349,-30.05
"689",590.7,-30.06
"690",591.052,-30.42
"691",591.403,-30.54
"692",591.755,-30.42
"693",592.107,-30.47
"694",592.458,-30.1
"695",592.809,-29.9
"696",593.161,-29.98
"697",593.512,-29.97
"698",593.863,-29.77
"699",594.215,-29.86
"700",594.566,-29.84
"701",594.917,-29.68
"702",595.268,-29.62
"703",595.619,-29.32
"704",595.97,-29.27
"705",596.321,-29.8
"706",596.672,-29.36
"707",597.023,-29.31
"708",597.374,-29.33
"709",597.725,-29.5
"710",598.076,-29.4
"711",598.426,-29.42
"712",598.777,-29.2
"713",599.128,-28.76
"714",599.478,-28.99
"715",599.829,-29.1
"716",600.18,-28.89
"717",600.53,-29.14
"718",600.881,-29.1
"719",601.231,-28.73
"720",601.581,-28.35
"721",601.932,-28.58
"722",602.282,-28.61
"723",602.632,-28.22
"724",602.982,-28.48
"725",603.332,-28.7
"726",603.683,-28.69
"727",604.033,-28.31
"728",604.383,-28.67
"729",604.733,-28.5
"730",605.083,-29
"731",605.432,-29.61
"732",605.782,-29.58
"733",606.132,-29.75
"734",606.482,-30.2
"735",606.832,-30.32
"736",607.181,-30.31
"737",607.531,-29.71
"738",607.88,-30.04
"739",608.23,-29.82
"740",608.579,-30.28
"741",608.929,-30.17
"742",609.278,-29.89
"743",609.628,-29.8
"744",609.977,-29.41
"745",610.326,-29.46
"746",610.675,-28.92
"747",611.025,-28.8
"748",611.374,-29.36
"749",611.723,-29.55
"750",612.072,-29.55
"751",612.421,-29.33
"752",612.77,-29.54
"753",613.119,-29.69
"754",613.468,-29.61
"755",613.817,-29.98
"756",614.165,-30.08
"757",614.514,-30.71
"758",614.863,-30.79
"759",615.212,-30.75
"760",615.56,-30.66
"761",615.909,-30.77
"762",616.257,-30.95
"763",616.606,-30.91
"764",616.954,-30.98
"765",617.303,-31.13
"766",617.651,-30.9
"767",617.999,-30.77
"768",618.348,-30.83
"769",618.696,-30.77
"770",619.044,-30.75
"771",619.392,-30.54
"772",619.74,-30.73
"773",620.088,-30.43
"774",620.436,-30.29
"775",620.784,-30.01
"776",621.132,-29.07
"777",621.48,-28.43
"778",621.828,-28.5
"779",622.176,-28.43
"780",622.524,-28.26
"781",622.871,-28
"782",623.219,-28.16
"783",623.567,-28.14
"784",623.914,-28.14
"785",624.262,-28.16
"786",624.609,-28.34
"787",624.957,-29.19
"788",625.304,-29.95
"789",625.651,-29.91
"790",625.999,-29.91
"791",626.346,-29.93
"792",626.693,-30.14
"793",627.04,-29.96
"794",627.388,-29.72
"795",627.735,-30.1
"796",628.082,-29.96
"797",628.429,-29.86
"798",628.776,-29.74
"799",629.123,-29.59
"800",629.469,-29.7
"801",629.816,-29.38
"802",630.163,-29.53
"803",630.51,-29.74
"804",630.857,-29.83
"805",631.203,-29.95
"806",631.55,-30.08
"807",631.896,-30.18
"808",632.243,-30.33
"809",632.589,-30.19
"810",632.936,-29.97
"811",633.282,-29.95
"812",633.629,-30.01
"813",633.975,-30.11
"814",634.321,-30.14
"815",634.667,-30.18
"816",635.013,-30.26
"817",635.36,-29.84
"818",635.706,-30.04
"819",636.052,-29.85
"820",636.398,-29.72
"821",636.744,-30.01
"822",637.09,-30.02
"823",637.435,-29.88
"824",637.781,-29.61
"825",638.127,-29.43
"826",638.473,-29.38
"827",638.818,-29.41
"828",639.164,-29.46
"829",639.51,-29.26
"830",639.855,-29.42
"831",640.201,-29.73
"832",640.546,-30.01
"833",640.891,-30.01
"834",641.237,-30.36
"835",641.582,-30.72
"836",641.927,-30.99
"837",642.273,-30.81
"838",642.618,-31
"839",642.963,-31.58
"840",643.308,-31.74
"841",643.653,-31.76
"842",643.998,-32.09
"843",644.343,-31.87
"844",644.688,-32.03
"845",645.033,-31.81
"846",645.378,-31.23
"847",645.722,-31.13
"848",646.067,-31.54
"849",646.412,-31.5
"850",646.757,-30.91
"851",647.101,-30.98
"852",647.446,-28.79
"853",647.79,-28.33
"854",648.135,-28.15
"855",648.479,-28.11
"856",648.823,-28.5
"857",649.168,-28.7
"858",649.512,-28.62
"859",649.856,-28.45
"860",650.201,-28.12
"861",650.545,-28.35
"862",650.889,-27.88
"863",651.233,-30.08
"864",651.577,-30.44
"865",651.921,-30.63
"866",652.265,-30.61
"867",652.609,-30.34
"868",652.952,-30.64
"869",653.296,-30.6
"870",653.64,-30.83
"871",653.984,-31.02
"872",654.327,-30.8
"873",654.671,-31.17
"874",655.015,-30.75
"875",655.358,-30.73
"876",655.702,-30.82
"877",656.045,-30.78
"878",656.388,-30.67
"879",656.732,-30.47
"880",657.075,-30.65
"881",657.418,-30.42
"882",657.761,-29.71
"883",658.105,-29.68
"884",658.448,-28.87
"885",658.791,-29.28
"886",659.134,-29.23
"887",659.477,-29.21
"888",659.82,-29.19
"889",660.163,-29.32
"890",660.505,-29.55
"891",660.848,-29.49
"892",661.191,-29.79
"893",661.534,-30.65
"894",661.876,-30.91
"895",662.219,-31.63
"896",662.562,-31.4
"897",662.904,-31.14
"898",663.247,-31.14
"899",663.589,-31.12
"900",663.931,-31.26
"901",664.274,-31.24
"902",664.616,-31.37
"903",664.958,-31.21
"904",665.3,-30.99
"905",665.643,-30.71
"906",665.985,-30.37
"907",666.327,-30.69
"908",666.669,-30.44
"909",667.011,-30.28
"910",667.353,-29.85
"911",667.695,-29.78
"912",668.036,-29.84
"913",668.378,-29.79
"914",668.72,-29.7
"915",669.062,-29.72
"916",669.403,-30.05
"917",669.745,-30.64
"918",670.086,-30.51
"919",670.428,-29.65
"920",670.769,-29.84
"921",671.111,-30.64
"922",671.452,-30.75
"923",671.794,-30.67
"924",672.135,-30.45
"925",672.476,-30.31
"926",672.817,-30.26
"927",673.158,-30.26
"928",673.499,-30.29
"929",673.841,-30.19
"930",674.182,-31.57
"931",674.523,-30.82
"932",674.863,-30.05
"933",675.204,-29.68
"934",675.545,-29.68
"935",675.886,-29.53
"936",676.227,-29.87
"937",676.567,-29.79
"938",676.908,-29.52
"939",677.249,-29.34
"940",677.589,-29.48
"941",677.93,-29.23
"942",678.27,-30.07
"943",678.61,-30.6
"944",678.951,-31
"945",679.291,-30.87
"946",679.631,-30.94
"947",679.972,-30.89
"948",680.312,-30.84
"949",680.652,-30.97
"950",680.992,-31.1
"951",681.332,-30.83
"952",681.672,-31.18
"953",682.012,-30.84
"954",682.352,-30.91
"955",682.692,-30.43
"956",683.032,-30.51
"957",683.371,-30.88
"958",683.711,-29.86
"959",684.051,-29.89
"960",684.39,-29.51
"961",684.73,-29.37
"962",685.069,-29.3
"963",685.409,-29.18
"964",685.748,-28.26
"965",686.088,-27.87
"966",686.427,-27.98
"967",686.766,-26.19
"968",687.106,-25.89
"969",687.445,-26.97
"970",687.784,-27.23
"971",688.123,-27.51
"972",688.462,-27.48
"973",688.801,-27.65
"974",689.14,-27.48
"975",689.479,-28.49
"976",689.818,-28.73
"977",690.157,-28.91
"978",690.495,-30.43
"979",690.834,-30.23
"980",691.173,-30.25
"981",691.512,-30.29
"982",691.85,-30.5
"983",692.189,-30.62
"984",692.527,-30.69
"985",692.866,-30.9
"986",693.204,-30.99
"987",693.542,-30.95
"988",693.881,-31.06
"989",694.219,-31.36
"990",694.557,-31.88
"991",694.895,-31.83
"992",695.233,-31.5
"993",695.572,-31.31
"994",695.91,-30.67
"995",696.248,-30.41
"996",696.586,-30.05
"997",696.923,-29.82
"998",697.261,-29.83
"999",697.599,-29.57
"1000",697.937,-29.31
"1001",698.274,-29.06
"1002",698.612,-28.96
"1003",698.95,-29.19
"1004",699.287,-29.27
"1005",699.625,-29.74
"1006",699.962,-29.39
"1007",700.3,-29.6
"1008",700.637,-29.73
"1009",700.974,-29.88
"1010",701.312,-29.87
"1011",701.649,-30.2
"1012",701.986,-30.37
"1013",702.323,-30.34
"1014",702.66,-30.29
"1015",702.997,-30.29
"1016",703.334,-30.53
"1017",703.671,-31.07
"1018",704.008,-30.97
"1019",704.345,-30.84
"1020",704.682,-30.61
"1021",705.019,-30.73
"1022",705.355,-30.36
"1023",705.692,-30.11
"1024",706.029,-29.67
"1025",706.365,-29.51
"1026",706.702,-29.36
"1027",707.038,-28.84
"1028",707.375,-27.86
"1029",707.711,-27.72
"1030",708.047,-27.51
"1031",708.384,-27.21
"1032",708.72,-26.14
"1033",709.056,-26.06
"1034",709.392,-25.57
"1035",709.728,-25.79
"1036",710.064,-25.58
"1037",710.4,-25.3
"1038",710.736,-25.35
"1039",711.072,-26.25
"1040",711.408,-26.22
"1041",711.744,-26.12
"1042",712.079,-26.22
"1043",712.415,-26.72
"1044",712.751,-26.91
"1045",713.086,-27.04
"1046",713.422,-26.83
"1047",713.758,-26.98
"1048",714.093,-26.82
"1049",714.428,-26.79
"1050",714.764,-26.36
"1051",715.099,-26.12
"1052",715.434,-25.17
"1053",715.77,-24.94
"1054",716.105,-25.18
"1055",716.44,-24.8
"1056",716.775,-24.66
"1057",717.11,-24.38
"1058",717.445,-23.98
"1059",717.78,-23.82
"1060",718.115,-23.52
"1061",718.45,-23.43
"1062",718.785,-23.13
"1063",719.119,-23.84
"1064",719.454,-23.81
"1065",719.789,-23.57
"1066",720.123,-23.49
"1067",720.458,-23.35
"1068",720.792,-23.25
"1069",721.127,-23.12
"1070",721.461,-23.02
"1071",721.796,-23.07
"1072",722.13,-22.8
"1073",722.464,-22.79
"1074",722.798,-22.68
"1075",723.133,-22.61
"1076",723.467,-22.39
"1077",723.801,-22.17
"1078",724.135,-21.94
"1079",724.469,-22.06
"1080",724.803,-22.02
"1081",725.137,-21.97
"1082",725.47,-21.47
"1083",725.804,-21.62
"1084",726.138,-21.65
"1085",726.472,-21.85
"1086",726.805,-21.2
"1087",727.139,-21.07
"1088",727.472,-21.03
"1089",727.806,-21.1
"1090",728.139,-20.94
"1091",728.473,-19.78
"1092",728.806,-19.78
"1093",729.139,-19.44
"1094",729.473,-19.12
"1095",729.806,-18.54
"1096",730.139,-18.14
"1097",730.472,-18.48
"1098",730.805,-18.31
"1099",731.138,-18.07
"1100",731.471,-18
"1101",731.804,-17.71
"1102",732.137,-18.75
"1103",732.47,-18.42
"1104",732.803,-18.87
"1105",733.135,-18.92
"1106",733.468,-19.01
"1107",733.801,-18.95
"1108",734.133,-18.78
"1109",734.466,-19.05
"1110",734.798,-18.89
"1111",735.131,-18.67
"1112",735.463,-18.65
"1113",735.795,-18
"1114",736.128,-17.75
"1115",736.46,-17.51
"1116",736.792,-17.23
"1117",737.124,-17.35
"1118",737.456,-16.62
"1119",737.788,-16.53
"1120",738.12,-16.23
"1121",738.452,-16.47
"1122",738.784,-16.4
"1123",739.116,-16.11
"1124",739.448,-16.48
"1125",739.779,-16.61
"1126",740.111,-16.55
"1127",740.443,-16.6
"1128",740.774,-16.57
"1129",741.106,-16.89
"1130",741.437,-16.66
"1131",741.769,-16.48
"1132",742.1,-16.17
"1133",742.432,-16.04
"1134",742.763,-16.18
"1135",743.094,-15.94
"1136",743.425,-16.01
"1137",743.757,-16.03
"1138",744.088,-16.11
"1139",744.419,-15.66
"1140",744.75,-15.72
"1141",745.081,-15.7
"1142",745.412,-15.51
"1143",745.743,-15.41
"1144",746.073,-15.49
"1145",746.404,-15.52
"1146",746.735,-15.63
"1147",747.065,-15.55
"1148",747.396,-15.41
"1149",747.727,-15.23
"1150",748.057,-15.66
"1151",748.388,-15.55
"1152",748.718,-15.68
"1153",749.048,-15.84
"1154",749.379,-15.91
"1155",749.709,-16.01
"1156",750.039,-16.01
"1157",750.369,-15.99
"1158",750.7,-15.61
"1159",751.03,-15.76
"1160",751.36,-15.65
"1161",751.69,-15.42
"1162",752.02,-15.52
"1163",752.349,-15.17
"1164",752.679,-14.7
"1165",753.009,-14.86
"1166",753.339,-14.63
"1167",753.668,-14.67
"1168",753.998,-14.66
"1169",754.328,-15.25
"1170",754.657,-15.36
"1171",754.987,-15.49
"1172",755.316,-15.78
"1173",755.645,-15.93
"1174",755.975,-16.59
"1175",756.304,-17.06
"1176",756.633,-16.82
"1177",756.962,-17
"1178",757.292,-17.18
"1179",757.621,-17.18
"1180",757.95,-16.88
"1181",758.279,-16.57
"1182",758.608,-16.76
"1183",758.937,-16.87
"1184",759.265,-16.91
"1185",759.594,-16.7
"1186",759.923,-16.68
"1187",760.252,-17.26
"1188",760.58,-17.44
"1189",760.909,-17.34
"1190",761.237,-17.33
"1191",761.566,-17.78
"1192",761.894,-17.67
"1193",762.223,-17.45
"1194",762.551,-17.42
"1195",762.879,-17.48
"1196",763.207,-17.49
"1197",763.536,-17.84
"1198",763.864,-17.2
"1199",764.192,-17.19
"1200",764.52,-16.92
"1201",764.848,-17.1
"1202",765.176,-16.94
"1203",765.504,-17.42
"1204",765.832,-17.68
"1205",766.159,-17.65
"1206",766.487,-17.84
"1207",766.815,-18.11
"1208",767.142,-17.07
"1209",767.47,-17.43
"1210",767.797,-16.78
"1211",768.125,-17.05
"1212",768.452,-17.01
"1213",768.78,-17.2
"1214",769.107,-17.3
"1215",769.434,-17.29
"1216",769.762,-16.92
"1217",770.089,-16.61
"1218",770.416,-16.56
"1219",770.743,-17.58
"1220",771.07,-17.17
"1221",771.397,-17.72
"1222",771.724,-17.77
"1223",772.051,-18.06
"1224",772.378,-17.64
"1225",772.704,-17.72
"1226",773.031,-17.92
"1227",773.358,-18.4
"1228",773.684,-18.49
"1229",774.011,-18.38
"1230",774.338,-18.7
"1231",774.664,-19.05
"1232",774.991,-18.73
"1233",775.317,-19.09
"1234",775.643,-19.14
"1235",775.969,-19.72
"1236",776.296,-19.35
"1237",776.622,-19.42
"1238",776.948,-19.85
"1239",777.274,-20.14
"1240",777.6,-20.24
"1241",777.926,-20.29
"1242",778.252,-20.69
"1243",778.578,-21.19
"1244",778.904,-21.15
"1245",779.229,-21.3
"1246",779.555,-21.22
"1247",779.881,-21.36
"1248",780.206,-21.5
"1249",780.532,-21.24
"1250",780.858,-21.37
"1251",781.183,-21.53
"1252",781.508,-21.46
"1253",781.834,-21.28
"1254",782.159,-21.05
"1255",782.484,-21.09
"1256",782.81,-20.78
"1257",783.135,-20.59
"1258",783.46,-20.64
"1259",783.785,-20.44
"1260",784.11,-20.6
"1261",784.435,-20.38
"1262",784.76,-20.2
"1263",785.085,-20.06
"1264",785.409,-20.35
"1265",785.734,-20.83
"1266",786.059,-20.72
"1267",786.383,-21.05
"1268",786.708,-21.41
"1269",787.033,-21.71
"1270",787.357,-21.82
"1271",787.682,-21.21
"1272",788.006,-21.39
"1273",788.33,-21.47
"1274",788.655,-21.65
"1275",788.979,-21.65
"1276",789.303,-21.6
"1277",789.627,-21.48
"1278",789.951,-21.04
"1279",790.275,-20.97
"1280",790.599,-21.11
"1281",790.923,-21.06
"1282",791.247,-21.41
"1283",791.571,-21.59
"1284",791.895,-21.83
"1285",792.218,-22
"1286",792.542,-21.86
"1287",792.866,-21.7
"1288",793.189,-21.95
"1289",793.513,-22.14
"1290",793.836,-22.05
"1291",794.16,-21.81
"1292",794.483,-21.8
"1293",794.806,-21.72
"1294",795.13,-21.38
"1295",795.453,-21.34
"1296",795.776,-20.99
"1297",796.099,-20.84
"1298",796.422,-18.23
"1299",796.745,-17.36
"1300",797.068,-17.49
"1301",797.391,-17.51
"1302",797.714,-17.46
"1303",798.037,-17.5
"1304",798.36,-17.62
"1305",798.682,-17.74
"1306",799.005,-17.6
"1307",799.327,-17.74
"1308",799.65,-17.83
"1309",799.973,-20.63
"1310",800.295,-21.23
"1311",800.617,-21.11
"1312",800.94,-21.22
"1313",801.262,-21.31
"1314",801.584,-21.22
"1315",801.906,-21.31
"1316",802.229,-21.27
"1317",802.551,-21.14
"1318",802.873,-21.21
"1319",803.195,-21.36
"1320",803.517,-21.23
"1321",803.838,-21.49
"1322",804.16,-21.45
"1323",804.482,-21.1
"1324",804.804,-20.74
"1325",805.125,-20.87
"1326",805.447,-20.76
"1327",805.769,-20.78
"1328",806.09,-21.22
"1329",806.412,-20.98
"1330",806.733,-20.56
"1331",807.054,-20.66
"1332",807.376,-20.6
"1333",807.697,-20.39
"1334",808.018,-20.59
"1335",808.339,-20.95
"1336",808.66,-20.75
"1337",808.981,-20.77
"1338",809.302,-20.19
"1339",809.623,-20.04
"1340",809.944,-20.01
"1341",810.265,-20.28
"1342",810.586,-19.95
"1343",810.906,-19.31
"1344",811.227,-19.69
"1345",811.548,-19.22
"1346",811.868,-17.4
"1347",812.189,-17.75
"1348",812.509,-17.6
"1349",812.83,-18.23
"1350",813.15,-16.33
"1351",813.47,-15.54
"1352",813.791,-15.57
"1353",814.111,-15.68
"1354",814.431,-16.17
"1355",814.751,-15.81
"1356",815.071,-16.31
"1357",815.391,-17.78
"1358",815.711,-17.66
"1359",816.031,-17.88
"1360",816.351,-17.7
"1361",816.671,-19.64
"1362",816.99,-20.63
"1363",817.31,-20.73
"1364",817.63,-21.06
"1365",817.949,-21.13
"1366",818.269,-21.48
"1367",818.588,-21.3
"1368",818.908,-21.74
"1369",819.227,-21.71
"1370",819.546,-21.89
"1371",819.866,-21.8
"1372",820.185,-21.9
"1373",820.504,-22.06
"1374",820.823,-22.02
"1375",821.142,-21.67
"1376",821.461,-21.82
"1377",821.78,-21.87
"1378",822.099,-22.15
"1379",822.418,-21.97
"1380",822.737,-21.82
"1381",823.055,-21.6
"1382",823.374,-21.73
"1383",823.693,-21.46
"1384",824.011,-21.4
"1385",824.33,-21.39
"1386",824.648,-21.46
"1387",824.967,-20.81
"1388",825.285,-20.2
"1389",825.603,-20.16
"1390",825.922,-20.59
"1391",826.24,-20.72
"1392",826.558,-20.74
"1393",826.876,-20.75
"1394",827.194,-20.79
"1395",827.512,-20.7
"1396",827.83,-20.85
"1397",828.148,-21.22
"1398",828.466,-21.46
"1399",828.784,-22.29
"1400",829.101,-22.28
"1401",829.419,-22.09
"1402",829.737,-22.35
"1403",830.054,-22.17
"1404",830.372,-22.37
"1405",830.689,-22.55
"1406",831.007,-22.66
"1407",831.324,-22.54
"1408",831.641,-22.51
"1409",831.959,-23.09
"1410",832.276,-22.97
"1411",832.593,-23.15
"1412",832.91,-22.78
"1413",833.227,-22.82
"1414",833.544,-23.22
"1415",833.861,-23.12
"1416",834.178,-23.25
"1417",834.495,-23.32
"1418",834.812,-23.04
"1419",835.128,-22.97
"1420",835.445,-23.19
"1421",835.762,-23.33
"1422",836.078,-23.18
"1423",836.395,-23.7
"1424",836.711,-23.66
"1425",837.028,-23.99
"1426",837.344,-24.14
"1427",837.66,-23.68
"1428",837.977,-23.86
"1429",838.293,-23.93
"1430",838.609,-23.95
"1431",838.925,-23.89
"1432",839.241,-23.98
"1433",839.557,-24.13
"1434",839.873,-24.23
"1435",840.189,-24.21
"1436",840.505,-23.85
"1437",840.82,-23.47
"1438",841.136,-23.6
"1439",841.452,-23.43
"1440",841.767,-23.7
"1441",842.083,-23.65
"1442",842.398,-23.58
"1443",842.714,-23.42
"1444",843.029,-23.28
"1445",843.345,-23.19
"1446",843.66,-23.03
"1447",843.975,-23.18
"1448",844.29,-23.78
"1449",844.605,-23.93
"1450",844.92,-23.78
"1451",845.235,-23.89
"1452",845.55,-23.9
"1453",845.865,-23.86
"1454",846.18,-23.74
"1455",846.495,-23.98
"1456",846.81,-24.05
"1457",847.124,-23.69
"1458",847.439,-23.7
"1459",847.754,-23.47
"1460",848.068,-23.56
"1461",848.383,-23.37
"1462",848.697,-23.19
"1463",849.011,-23.15
"1464",849.326,-23
"1465",849.64,-23.37
"1466",849.954,-23.06
"1467",850.268,-22.88
"1468",850.582,-23.22
"1469",850.896,-23.21
"1470",851.21,-23.3
"1471",851.524,-23.46
"1472",851.838,-23.81
"1473",852.152,-23.53
"1474",852.466,-23.75
"1475",852.78,-23.93
"1476",853.093,-23.92
"1477",853.407,-24.1
"1478",853.72,-24.24
"1479",854.034,-24.37
"1480",854.347,-24.45
"1481",854.661,-24.48
"1482",854.974,-23.88
"1483",855.287,-23.61
"1484",855.601,-24.16
"1485",855.914,-24.11
"1486",856.227,-24.03
"1487",856.54,-23.76
"1488",856.853,-23.49
"1489",857.166,-22.94
"1490",857.479,-23.18
"1491",857.792,-23.26
"1492",858.105,-23.22
"1493",858.417,-23.83
"1494",858.73,-24.17
"1495",859.043,-24.27
"1496",859.355,-24.5
"1497",859.668,-24.74
"1498",859.98,-24.5
"1499",860.293,-24.39
"1500",860.605,-24.78
"1501",860.917,-24.77
"1502",861.23,-24.59
"1503",861.542,-24.72
"1504",861.854,-24.78
"1505",862.166,-24.88
"1506",862.478,-24.93
"1507",862.79,-24.65
"1508",863.102,-24.47
"1509",863.414,-24.76
"1510",863.726,-25.33
"1511",864.037,-25.37
"1512",864.349,-25.34
"1513",864.661,-25.36
"1514",864.972,-25.28
"1515",865.284,-25.36
"1516",865.595,-25.23
"1517",865.907,-25.02
"1518",866.218,-25.03
"1519",866.53,-25.26
"1520",866.841,-25.35
"1521",867.152,-25.45
"1522",867.463,-25.18
"1523",867.774,-25.19
"1524",868.085,-25.23
"1525",868.396,-25.6
"1526",868.707,-25.43
"1527",869.018,-25.42
"1528",869.329,-25.62
"1529",869.64,-25.91
"1530",869.951,-25.84
"1531",870.261,-25.93
"1532",870.572,-25.68
"1533",870.882,-25.93
"1534",871.193,-26.03
"1535",871.503,-26.08
"1536",871.814,-25.59
"1537",872.124,-25.6
"1538",872.434,-25.67
"1539",872.745,-25.64
"1540",873.055,-25.83
"1541",873.365,-25.53
"1542",873.675,-25.05
"1543",873.985,-25.36
"1544",874.295,-25.59
"1545",874.605,-25.55
"1546",874.915,-25.73
"1547",875.225,-26.17
"1548",875.534,-26.42
"1549",875.844,-26.55
"1550",876.154,-26.79
"1551",876.463,-26.58
"1552",876.773,-27.01
"1553",877.082,-26.62
"1554",877.392,-26.57
"1555",877.701,-26.83
"1556",878.01,-26.85
"1557",878.319,-26.51
"1558",878.629,-26.26
"1559",878.938,-26.05
"1560",879.247,-25.66
"1561",879.556,-25.69
"1562",879.865,-25.54
"1563",880.174,-25.49
"1564",880.483,-26.25
"1565",880.791,-26.23
"1566",881.1,-25.92
"1567",881.409,-25.88
"1568",881.717,-26.33
"1569",882.026,-26.8
"1570",882.334,-26.76
"1571",882.643,-27.17
"1572",882.951,-27.06
"1573",883.26,-27.11
"1574",883.568,-24.65
"1575",883.876,-24.6
"1576",884.184,-24.66
"1577",884.493,-24.64
"1578",884.801,-24.66
"1579",885.109,-23.04
"1580",885.417,-22.59
"1581",885.725,-22.86
"1582",886.032,-22.74
"1583",886.34,-22.45
"1584",886.648,-22.59
"1585",886.956,-25.11
"1586",887.263,-25.39
"1587",887.571,-25.03
"1588",887.878,-25.11
"1589",888.186,-25.26
"1590",888.493,-26.3
"1591",888.801,-26.33
"1592",889.108,-26.24
"1593",889.415,-25.94
"1594",889.722,-26.26
"1595",890.029,-26.31
"1596",890.336,-26.26
"1597",890.643,-26.17
"1598",890.95,-26.16
"1599",891.257,-26.03
"1600",891.564,-26.03
"1601",891.871,-26.06
"1602",892.178,-26.32
"1603",892.484,-26.45
"1604",892.791,-26.78
"1605",893.098,-26.58
"1606",893.404,-26.48
"1607",893.711,-26.54
"1608",894.017,-26.57
"1609",894.323,-26.83
"1610",894.63,-26.97
"1611",894.936,-26.77
"1612",895.242,-27.14
"1613",895.548,-27.08
"1614",895.854,-27.02
"1615",896.16,-26.49
"1616",896.466,-26.57
"1617",896.772,-26.41
"1618",897.078,-26.23
"1619",897.384,-26.02
"1620",897.689,-26.16
"1621",897.995,-26.31
"1622",898.301,-26.11
"1623",898.606,-26.14
"1624",898.912,-26.03
"1625",899.217,-26.08
"1626",899.523,-26.91
"1627",899.828,-26.6
"1628",900.133,-26.83
"1629",900.438,-26.96
"1630",900.744,-27.17
"1631",901.049,-26.99
"1632",901.354,-26.65
"1633",901.659,-26.77
"1634",901.964,-26.33
"1635",902.269,-26.53
"1636",902.573,-26.42
"1637",902.878,-26.26
"1638",903.183,-26.72
"1639",903.488,-25.37
"1640",903.792,-25.23
"1641",904.097,-25.02
"1642",904.401,-24.91
"1643",904.706,-25.37
"1644",905.01,-25.71
"1645",905.314,-26.36
"1646",905.619,-26.22
"1647",905.923,-26.01
"1648",906.227,-26.15
"1649",906.531,-25.93
"1650",906.835,-27.33
"1651",907.139,-27.51
"1652",907.443,-27.88
"1653",907.747,-27.95
"1654",908.051,-27.84
"1655",908.354,-27.66
"1656",908.658,-27.74
"1657",908.962,-27.82
"1658",909.265,-28.25
"1659",909.569,-28.1
"1660",909.872,-28.27
"1661",910.176,-28.23
"1662",910.479,-28.14
"1663",910.782,-28.08
"1664",911.086,-28.5
"1665",911.389,-28.62
"1666",911.692,-28.49
"1667",911.995,-28.32
"1668",912.298,-28.03
"1669",912.601,-28.07
"1670",912.904,-28.23
"1671",913.207,-28.37
"1672",913.509,-28.59
"1673",913.812,-27.87
"1674",914.115,-27.59
"1675",914.418,-27.33
"1676",914.72,-27.19
"1677",915.023,-27.28
"1678",915.325,-27.34
"1679",915.627,-27.78
"1680",915.93,-27.63
"1681",916.232,-27.54
"1682",916.534,-27.26
"1683",916.836,-27.21
"1684",917.138,-28.2
"1685",917.441,-28.79
"1686",917.743,-29
"1687",918.044,-29.17
"1688",918.346,-29.39
"1689",918.648,-29.13
"1690",918.95,-28.99
"1691",919.252,-28.94
"1692",919.553,-29.1
"1693",919.855,-29.06
"1694",920.156,-29.03
"1695",920.458,-28.88
"1696",920.759,-28.41
"1697",921.061,-28.41
"1698",921.362,-28.19
"1699",921.663,-27.97
"1700",921.964,-27.41
"1701",922.265,-27.61
"1702",922.567,-27.45
"1703",922.868,-27.5
"1704",923.169,-27.76
"1705",923.469,-27.91
"1706",923.77,-28.16
"1707",924.071,-28.51
"1708",924.372,-28.36
"1709",924.672,-28.55
"1710",924.973,-27.68
"1711",925.274,-28.38
"1712",925.574,-28.57
"1713",925.875,-28.67
"1714",926.175,-28.5
"1715",926.475,-28.65
"1716",926.775,-28.61
"1717",927.076,-28.45
"1718",927.376,-28.33
"1719",927.676,-28.6
"1720",927.976,-28.69
"1721",928.276,-29.69
"1722",928.576,-28.94
"1723",928.876,-28.72
"1724",929.176,-28.7
"1725",929.475,-28.76
"1726",929.775,-28.83
"1727",930.075,-28.86
"1728",930.374,-28.96
"1729",930.674,-29.08
"1730",930.973,-29.13
"1731",931.273,-29.12
"1732",931.572,-29.09
"1733",931.871,-30.01
"1734",932.17,-29.79
"1735",932.47,-29.79
"1736",932.769,-29.79
"1737",933.068,-29.62
"1738",933.367,-29.64
"1739",933.666,-29.7
"1740",933.965,-29.79
"1741",934.263,-29.64
"1742",934.562,-29.7
"1743",934.861,-29.85
"1744",935.159,-29.89
"1745",935.458,-29.91
"1746",935.757,-30.32
"1747",936.055,-30.51
"1748",936.354,-30.35
"1749",936.652,-30.25
"1750",936.95,-29.94
"1751",937.248,-29.88
"1752",937.547,-28.52
"1753",937.845,-28.19
"1754",938.143,-28.14
"1755",938.441,-27.49
"1756",938.739,-27.7
"1757",939.037,-27.41
"1758",939.334,-27.34
"1759",939.632,-27.59
"1760",939.93,-27.45
"1761",940.228,-27.68
"1762",940.525,-27.33
"1763",940.823,-28.68
"1764",941.12,-28.85
"1765",941.418,-28.83
"1766",941.715,-29.6
"1767",942.012,-29.62
"1768",942.31,-29.89
"1769",942.607,-29.55
"1770",942.904,-29.45
"1771",943.201,-29.82
"1772",943.498,-29.74
"1773",943.795,-29.79
"1774",944.092,-29.87
"1775",944.389,-29.97
"1776",944.686,-30.13
"1777",944.982,-30.09
"1778",945.279,-30.21
"1779",945.576,-30.2
"1780",945.872,-30.43
"1781",946.169,-30.36
"1782",946.465,-30.08
"1783",946.761,-30.11
"1784",947.058,-30.28
"1785",947.354,-30.16
"1786",947.65,-30.39
"1787",947.946,-30.23
"1788",948.242,-30.26
"1789",948.538,-29.85
"1790",948.834,-29.66
"1791",949.13,-29.88
"1792",949.426,-29.69
"1793",949.722,-29.74
"1794",950.018,-29.93
"1795",950.313,-30.06
"1796",950.609,-30.2
"1797",950.904,-28.91
"1798",951.2,-28.86
"1799",951.495,-28.93
"1800",951.791,-29.32
"1801",952.086,-28.88
"1802",952.381,-28.78
"1803",952.677,-29.21
"1804",952.972,-29.4
"1805",953.267,-29.43
"1806",953.562,-29.18
"1807",953.857,-29.26
"1808",954.152,-30.52
"1809",954.446,-30.73
"1810",954.741,-30.52
"1811",955.036,-30.27
"1812",955.331,-30.83
"1813",955.625,-30.86
"1814",955.92,-30.91
"1815",956.214,-29.78
"1816",956.509,-29.52
"1817",956.803,-29.9
"1818",957.097,-29.84
"1819",957.392,-29.71
"1820",957.686,-29.89
"1821",957.98,-29.75
"1822",958.274,-29.83
"1823",958.568,-29.11
"1824",958.862,-29.21
"1825",959.156,-29.06
"1826",959.45,-29.55
"1827",959.744,-29.73
"1828",960.037,-29.1
"1829",960.331,-29.02
"1830",960.625,-28.9
"1831",960.918,-28.54
"1832",961.212,-28.82
"1833",961.505,-29.08
"1834",961.798,-29.68
"1835",962.092,-29.5
"1836",962.385,-29.1
"1837",962.678,-29.57
"1838",962.971,-29.17
"1839",963.264,-29.71
"1840",963.557,-29.72
"1841",963.85,-29.88
"1842",964.143,-29.95
"1843",964.436,-29.6
"1844",964.729,-29.39
"1845",965.022,-29.44
"1846",965.314,-29.4
"1847",965.607,-29.96
"1848",965.899,-29.75
"1849",966.192,-30.13
"1850",966.484,-29.95
"1851",966.777,-30.07
"1852",967.069,-30.1
"1853",967.361,-30.27
"1854",967.653,-28.63
"1855",967.945,-28.52
"1856",968.237,-28.52
"1857",968.529,-28.65
"1858",968.821,-28.66
"1859",969.113,-28.66
"1860",969.405,-28.51
"1861",969.697,-28.91
"1862",969.989,-28.61
"1863",970.28,-28.06
"1864",970.572,-28.07
"1865",970.863,-29.83
"1866",971.155,-30.1
"1867",971.446,-26.34
"1868",971.738,-26.1
"1869",972.029,-26.02
"1870",972.32,-26.36
"1871",972.611,-26.63
"1872",972.902,-26.39
"1873",973.193,-26.65
"1874",973.484,-27.11
"1875",973.775,-27.09
"1876",974.066,-27.32
"1877",974.357,-27.42
"1878",974.648,-31.35
"1879",974.938,-31.53
"1880",975.229,-31.65
"1881",975.519,-31.49
"1882",975.81,-30.98
"1883",976.1,-30.98
"1884",976.391,-30.41
"1885",976.681,-30.66
"1886",976.971,-30.66
"1887",977.262,-30.6
"1888",977.552,-30.46
"1889",977.842,-30.55
"1890",978.132,-30.47
"1891",978.422,-30.33
"1892",978.712,-30.26
"1893",979.002,-30.58
"1894",979.291,-30.79
"1895",979.581,-31.03
"1896",979.871,-30.87
"1897",980.16,-30.66
"1898",980.45,-30.72
"1899",980.739,-30.27
"1900",981.029,-30.15
"1901",981.318,-30.08
"1902",981.607,-30.17
"1903",981.897,-30.47
"1904",982.186,-30.53
"1905",982.475,-30.31
"1906",982.764,-30.51
"1907",983.053,-30.28
"1908",983.342,-30.61
"1909",983.631,-30.83
"1910",983.92,-31.26
"1911",984.208,-31.23
"1912",984.497,-31.53
"1913",984.786,-31.61
"1914",985.074,-31.48
"1915",985.363,-31.68
"1916",985.651,-31.84
"1917",985.94,-31.98
"1918",986.228,-32.43
"1919",986.516,-32.3
"1920",986.804,-32.27
"1921",987.093,-32.44
"1922",987.381,-32.45
"1923",987.669,-32.4
"1924",987.957,-32.46
"1925",988.245,-32.63
"1926",988.532,-32.63
"1927",988.82,-32.04
"1928",989.108,-32.08
"1929",989.396,-28.25
"1930",989.683,-27.91
"1931",989.971,-27.77
"1932",990.258,-27.69
"1933",990.546,-27.4
"1934",990.833,-27.28
"1935",991.12,-27.13
"1936",991.408,-26.87
"1937",991.695,-26.72
"1938",991.982,-27.17
"1939",992.269,-27.34
"1940",992.556,-30.79
"1941",992.843,-31.38
"1942",993.13,-31.46
"1943",993.417,-30.99
"1944",993.703,-31.23
"1945",993.99,-31.12
"1946",994.277,-30.82
"1947",994.563,-30.91
"1948",994.85,-30.94
"1949",995.136,-31.19
"1950",995.423,-31
"1951",995.709,-31.1
"1952",995.995,-30.76
"1953",996.281,-30.68
"1954",996.567,-31.28
"1955",996.854,-31.37
"1956",997.14,-31.69
"1957",997.426,-32
"1958",997.711,-32.19
"1959",997.997,-31.67
"1960",998.283,-31.49
"1961",998.569,-31.52
"1962",998.854,-31.66
"1963",999.14,-31.42
"1964",999.426,-31.57
"1965",999.711,-31.48
"1966",999.996,-31.46
"1967",1000.282,-31.36
"1968",1000.567,-31.36
"1969",1000.852,-31.27
"1970",1001.137,-31.42
"1971",1001.423,-31.11
"1972",1001.708,-30.99
"1973",1001.993,-30.93
"1974",1002.277,-31.4
"1975",1002.562,-31.32
"1976",1002.847,-31.32
"1977",1003.132,-31.56
"1978",1003.417,-31.64
"1979",1003.701,-31.33
"1980",1003.986,-31.18
"1981",1004.27,-31.53
"1982",1004.555,-31.63
"1983",1004.839,-31.79
"1984",1005.123,-31.6
"1985",1005.408,-31.34
"1986",1005.692,-31.43
"1987",1005.976,-31.37
"1988",1006.26,-31.15
"1989",1006.544,-31.15
"1990",1006.828,-31.53
"1991",1007.112,-31.62
"1992",1007.395,-31.6
"1993",1007.679,-31.97
"1994",1007.963,-32
"1995",1008.247,-32.15
"1996",1008.53,-32.53
"1997",1008.814,-32.36
"1998",1009.097,-32.03
"1999",1009.38,-31.85
"2000",1009.664,-31.68
"2001",1009.947,-31.78
"2002",1010.23,-31.83
"2003",1010.513,-31.97
"2004",1010.796,-31.93
"2005",1011.079,-31.9
"2006",1011.362,-31.95
"2007",1011.645,-31.61
"2008",1011.928,-31.5
"2009",1012.211,-31.87
"2010",1012.494,-32.23
"2011",1012.776,-32.46
"2012",1013.059,-32.39
"2013",1013.341,-32.57
"2014",1013.624,-32.56
"2015",1013.906,-32.48
"2016",1014.188,-32.56
"2017",1014.471,-32.38
"2018",1014.753,-32.56
"2019",1015.035,-32.93
"2020",1015.317,-32.72
"2021",1015.599,-32.5
"2022",1015.881,-32.42
"2023",1016.163,-32.1
"2024",1016.445,-31.92
"2025",1016.727,-32.1
"2026",1017.008,-32.17
"2027",1017.29,-32.32
"2028",1017.571,-32.06
"2029",1017.853,-31.89
"2030",1018.134,-31.51
"2031",1018.416,-31.65
"2032",1018.697,-31.84
"2033",1018.978,-31.96
"2034",1019.26,-32.27
"2035",1019.541,-32.33
"2036",1019.822,-31.75
"2037",1020.103,-31.83
"2038",1020.384,-31.34
"2039",1020.665,-31.82
"2040",1020.946,-32.07
"2041",1021.226,-32.33
"2042",1021.507,-32.37
"2043",1021.788,-32.3
"2044",1022.068,-32.16
"2045",1022.349,-32.06
"2046",1022.629,-32.04
"2047",1022.91,-32.49
"2048",1023.19,-32.22
